Wristband Sales,Wristband Sales,Wristband Sales,Wristband Sales,Wristband Sales
Sharon,Sharon,Heather M
Chris,Chris,,Tamm,Tamm
,,Kat,Kat
Crissy,Crissy,Crissy,Crissy,Crissy
,Heather M

Cashier,Cashier,Cashier,Cashier,Cashier,Cashier,Cashier,Cashier,Cashier
Beth,Beth,Beth,Beth,Beth
,Crissy,Crissy,,Crissy,Crissy,Crissy,Crissy,Crissy
Pam,Pam,Pam,Pam,Pam,Pam,Pam,Pam,Pam
Thom/Vivienne,Thom/Vivienne,Thom/Vivienne,Thom/Vivienne,Thom/Vivienne,Thom/Vivienne,Thom/Vivienne,Thom/Vivienne,Thom/Vivienne

Cashiers,Cashiers,Cashiers,Cashiers,Cashiers,Cashiers,Cashiers
Beth,Beth,Beth,Beth
,Thom/Vivienne,Thom/Vivienne,Crissy,Crissy
,Pam,Pam,Thom/Vivienne,Thom/Vivienne,Thom/Vivienne,Thom/Vivienne
,,Crissy
